"","tokenlabel","cluster"
"条例/Na/CNA_CMN_20001124_wpr/60971","条例/Na/CNA_CMN_20001124_wpr/60971",1
"条例/Na/CNA_CMN_20001106_wpr/62016","条例/Na/CNA_CMN_20001106_wpr/62016",1
"条例/Na/XIN_CMN_20001108_wpr/26641","条例/Na/XIN_CMN_20001108_wpr/26641",1
"条例/Na/XIN_CMN_20010101_wpr/66447","条例/Na/XIN_CMN_20010101_wpr/66447",1
"条例/Na/XIN_CMN_20030813_wpr/52700","条例/Na/XIN_CMN_20030813_wpr/52700",1
"条例/Na/XIN_CMN_20030728_wpr/15549","条例/Na/XIN_CMN_20030728_wpr/15549",1
"法规/Na/XIN_CMN_20030801_wpr/71085","法规/Na/XIN_CMN_20030801_wpr/71085",1
"条例/Na/XIN_CMN_20001016_wpr/79978","条例/Na/XIN_CMN_20001016_wpr/79978",1
"条例/Na/XIN_CMN_20001025_wpr/34827","条例/Na/XIN_CMN_20001025_wpr/34827",1
"条例/Na/XIN_CMN_20030714_wpr/50099","条例/Na/XIN_CMN_20030714_wpr/50099",1
"条例/Na/XIN_CMN_20030608_wpr/15381","条例/Na/XIN_CMN_20030608_wpr/15381",1
"条例/Na/ZBN_CMN_20030709_wpr/40388","条例/Na/ZBN_CMN_20030709_wpr/40388",1
"条例/Na/ZBN_CMN_20030911_wpr/41091","条例/Na/ZBN_CMN_20030911_wpr/41091",1
"条例/Na/XIN_CMN_20030409_wpr/49859","条例/Na/XIN_CMN_20030409_wpr/49859",1
"条例/Na/XIN_CMN_20030409_wpr/49884","条例/Na/XIN_CMN_20030409_wpr/49884",1
"条例/Na/XIN_CMN_20030930_wpr/61422","条例/Na/XIN_CMN_20030930_wpr/61422",1
"条例/Na/XIN_CMN_20030523_wpr/43492","条例/Na/XIN_CMN_20030523_wpr/43492",1
"条例/Na/XIN_CMN_20001023_wpr/37487","条例/Na/XIN_CMN_20001023_wpr/37487",1
"条例/Na/XIN_CMN_20030623_wpr/21255","条例/Na/XIN_CMN_20030623_wpr/21255",1
"条例/Na/XIN_CMN_20030701_wpr/16804","条例/Na/XIN_CMN_20030701_wpr/16804",1
"条例/Na/XIN_CMN_20010101_wpr/19502","条例/Na/XIN_CMN_20010101_wpr/19502",1
"条例/Na/XIN_CMN_20030612_wpr/26271","条例/Na/XIN_CMN_20030612_wpr/26271",1
"条例/Na/XIN_CMN_20030604_wpr/38170","条例/Na/XIN_CMN_20030604_wpr/38170",1
"条例/Na/XIN_CMN_20030807_wpr/13270","条例/Na/XIN_CMN_20030807_wpr/13270",1
"条例/Na/XIN_CMN_20030425_wpr/45253","条例/Na/XIN_CMN_20030425_wpr/45253",1
"条例/Na/XIN_CMN_20030922_wpr/25261","条例/Na/XIN_CMN_20030922_wpr/25261",1
"条例/Na/XIN_CMN_20010107_wpr/8945","条例/Na/XIN_CMN_20010107_wpr/8945",1
"条例/Na/XIN_CMN_20001101_wpr/18986","条例/Na/XIN_CMN_20001101_wpr/18986",1
"条例/Na/XIN_CMN_20030909_wpr/39105","条例/Na/XIN_CMN_20030909_wpr/39105",1
"条例/Na/XIN_CMN_20010115_wpr/27227","条例/Na/XIN_CMN_20010115_wpr/27227",1
"条例/Na/ZBN_CMN_20030929_wpr/41222","条例/Na/ZBN_CMN_20030929_wpr/41222",1
"条例/Na/XIN_CMN_20010116_wpr/60466","条例/Na/XIN_CMN_20010116_wpr/60466",1
"条例/Na/XIN_CMN_20001216_wpr/15405","条例/Na/XIN_CMN_20001216_wpr/15405",1
"条例/Na/XIN_CMN_20030714_wpr/33491","条例/Na/XIN_CMN_20030714_wpr/33491",1
"条例/Na/CNA_CMN_20010117_wpr/74017","条例/Na/CNA_CMN_20010117_wpr/74017",2
"条例/Na/CNA_CMN_20001129_wpr/50175","条例/Na/CNA_CMN_20001129_wpr/50175",2
"条文/Na/CNA_CMN_20010104_wpr/134485","条文/Na/CNA_CMN_20010104_wpr/134485",2
"条文/Na/CNA_CMN_20010104_wpr/134192","条文/Na/CNA_CMN_20010104_wpr/134192",2
"条文/Na/CNA_CMN_20010104_wpr/134467","条文/Na/CNA_CMN_20010104_wpr/134467",2
"条文/Na/CNA_CMN_20001006_wpr/94549","条文/Na/CNA_CMN_20001006_wpr/94549",2
"条文/Na/CNA_CMN_20001227_wpr/86440","条文/Na/CNA_CMN_20001227_wpr/86440",2
"条文/Na/CNA_CMN_20001201_wpr/117886","条文/Na/CNA_CMN_20001201_wpr/117886",2
"条文/Na/ZBN_CMN_20030428_wpr/47212","条文/Na/ZBN_CMN_20030428_wpr/47212",2
"条例/Na/ZBN_CMN_20030903_wpr/1594","条例/Na/ZBN_CMN_20030903_wpr/1594",2
"条例/Na/XIN_CMN_20030909_wpr/33284","条例/Na/XIN_CMN_20030909_wpr/33284",2
"条例/Na/CNA_CMN_20010111_wpr/68871","条例/Na/CNA_CMN_20010111_wpr/68871",2
"条例/Na/ZBN_CMN_20030705_wpr/43822","条例/Na/ZBN_CMN_20030705_wpr/43822",2
"条文/Na/CNA_CMN_20001216_wpr/53413","条文/Na/CNA_CMN_20001216_wpr/53413",2
"条例/Na/XIN_CMN_20001002_wpr/30274","条例/Na/XIN_CMN_20001002_wpr/30274",2
"条例/Na/ZBN_CMN_20030708_wpr/23805","条例/Na/ZBN_CMN_20030708_wpr/23805",2
"条例/Na/ZBN_CMN_20030909_wpr/1980","条例/Na/ZBN_CMN_20030909_wpr/1980",2
"法令/Na/ZBN_CMN_20030811_wpr/70490","法令/Na/ZBN_CMN_20030811_wpr/70490",2
"条例/Na/CNA_CMN_20001002_wpr/16945","条例/Na/CNA_CMN_20001002_wpr/16945",2
"条例/Na/CNA_CMN_20030716_wpr/784","条例/Na/CNA_CMN_20030716_wpr/784",2
"条文/Na/CNA_CMN_20001213_wpr/114792","条文/Na/CNA_CMN_20001213_wpr/114792",2
"条例/Na/ZBN_CMN_20030906_wpr/51114","条例/Na/ZBN_CMN_20030906_wpr/51114",2
"法规/Na/CNA_CMN_20001213_wpr/69895","法规/Na/CNA_CMN_20001213_wpr/69895",2
"条例/Na/ZBN_CMN_20030816_wpr/20439","条例/Na/ZBN_CMN_20030816_wpr/20439",2
"条例/Na/ZBN_CMN_20030703_wpr/33602","条例/Na/ZBN_CMN_20030703_wpr/33602",2
"条例/Na/CNA_CMN_20030707_wpr/306","条例/Na/CNA_CMN_20030707_wpr/306",2
"条例/Na/ZBN_CMN_20030708_wpr/40308","条例/Na/ZBN_CMN_20030708_wpr/40308",2
"条例/Na/ZBN_CMN_20030707_wpr/271","条例/Na/ZBN_CMN_20030707_wpr/271",2
"条例/Na/CNA_CMN_20030705_wpr/10118","条例/Na/CNA_CMN_20030705_wpr/10118",2
"条文/Na/CNA_CMN_20030705_wpr/10145","条文/Na/CNA_CMN_20030705_wpr/10145",2
"条例/Na/CNA_CMN_20030910_wpr/5595","条例/Na/CNA_CMN_20030910_wpr/5595",2
"条例/Na/XIN_CMN_20030426_wpr/10706","条例/Na/XIN_CMN_20030426_wpr/10706",2
"条例/Na/XIN_CMN_20030429_wpr/42538","条例/Na/XIN_CMN_20030429_wpr/42538",2
"条款/Na/XIN_CMN_20030425_wpr/50431","条款/Na/XIN_CMN_20030425_wpr/50431",2
"法规/Na/CNA_CMN_20001207_wpr/61914","法规/Na/CNA_CMN_20001207_wpr/61914",2
"条例/Na/ZBN_CMN_20030708_wpr/46272","条例/Na/ZBN_CMN_20030708_wpr/46272",2
"条例/Na/XIN_CMN_20030706_wpr/11596","条例/Na/XIN_CMN_20030706_wpr/11596",2
"条例/Na/XIN_CMN_20030614_wpr/28014","条例/Na/XIN_CMN_20030614_wpr/28014",2
"条例/Na/XIN_CMN_20030412_wpr/8884","条例/Na/XIN_CMN_20030412_wpr/8884",2
"条例/Na/XIN_CMN_20030905_wpr/22939","条例/Na/XIN_CMN_20030905_wpr/22939",2
"条例/Na/XIN_CMN_20030730_wpr/30784","条例/Na/XIN_CMN_20030730_wpr/30784",2
"条例/Na/XIN_CMN_20030505_wpr/38263","条例/Na/XIN_CMN_20030505_wpr/38263",2
"条例/Na/ZBN_CMN_20030701_wpr/47286","条例/Na/ZBN_CMN_20030701_wpr/47286",2
"条例/Na/XIN_CMN_20001025_wpr/30280","条例/Na/XIN_CMN_20001025_wpr/30280",2
"条例/Na/CNA_CMN_20030715_wpr/11629","条例/Na/CNA_CMN_20030715_wpr/11629",2
"条例/Na/ZBN_CMN_20030413_wpr/62576","条例/Na/ZBN_CMN_20030413_wpr/62576",2
"条例/Na/XIN_CMN_20001028_wpr/17450","条例/Na/XIN_CMN_20001028_wpr/17450",2
"条例/Na/XIN_CMN_20030412_wpr/15996","条例/Na/XIN_CMN_20030412_wpr/15996",2
"条文/Na/ZBN_CMN_20030906_wpr/4192","条文/Na/ZBN_CMN_20030906_wpr/4192",2
"条例/Na/CNA_CMN_20030706_wpr/3260","条例/Na/CNA_CMN_20030706_wpr/3260",2
"条例/Na/CNA_CMN_20030705_wpr/9974","条例/Na/CNA_CMN_20030705_wpr/9974",2
"法规/Na/XIN_CMN_20030813_wpr/45976","法规/Na/XIN_CMN_20030813_wpr/45976",2
"条例/Na/ZBN_CMN_20030702_wpr/39532","条例/Na/ZBN_CMN_20030702_wpr/39532",2
"条例/Na/CNA_CMN_20001130_wpr/105294","条例/Na/CNA_CMN_20001130_wpr/105294",2
"条例/Na/CNA_CMN_20010117_wpr/53734","条例/Na/CNA_CMN_20010117_wpr/53734",2
"条文/Na/CNA_CMN_20001025_wpr/44694","条文/Na/CNA_CMN_20001025_wpr/44694",2
"条文/Na/CNA_CMN_20001011_wpr/53101","条文/Na/CNA_CMN_20001011_wpr/53101",2
"条文/Na/CNA_CMN_20001129_wpr/84726","条文/Na/CNA_CMN_20001129_wpr/84726",2
"条文/Na/CNA_CMN_20001101_wpr/99072","条文/Na/CNA_CMN_20001101_wpr/99072",2
"条文/Na/CNA_CMN_20001113_wpr/104049","条文/Na/CNA_CMN_20001113_wpr/104049",2
"条文/Na/CNA_CMN_20001114_wpr/145922","条文/Na/CNA_CMN_20001114_wpr/145922",2
"条文/Na/CNA_CMN_20010104_wpr/64402","条文/Na/CNA_CMN_20010104_wpr/64402",2
"条文/Na/CNA_CMN_20001011_wpr/34495","条文/Na/CNA_CMN_20001011_wpr/34495",2
"条文/Na/CNA_CMN_20010102_wpr/129409","条文/Na/CNA_CMN_20010102_wpr/129409",2
"条文/Na/CNA_CMN_20001030_wpr/68613","条文/Na/CNA_CMN_20001030_wpr/68613",2
"条例/Na/CNA_CMN_20001215_wpr/102619","条例/Na/CNA_CMN_20001215_wpr/102619",2
"条例/Na/CNA_CMN_20001215_wpr/111185","条例/Na/CNA_CMN_20001215_wpr/111185",2
"条例/Na/CNA_CMN_20010102_wpr/39803","条例/Na/CNA_CMN_20010102_wpr/39803",2
"条文/Na/CNA_CMN_20001119_wpr/20472","条文/Na/CNA_CMN_20001119_wpr/20472",2
"条文/Na/CNA_CMN_20001205_wpr/86586","条文/Na/CNA_CMN_20001205_wpr/86586",2
"条例/Na/CNA_CMN_20001114_wpr/140588","条例/Na/CNA_CMN_20001114_wpr/140588",2
"法令/Na/ZBN_CMN_20030426_wpr/44797","法令/Na/ZBN_CMN_20030426_wpr/44797",2
"条例/Na/CNA_CMN_20001125_wpr/77352","条例/Na/CNA_CMN_20001125_wpr/77352",2
"条文/Na/CNA_CMN_20001103_wpr/30811","条文/Na/CNA_CMN_20001103_wpr/30811",2
"条文/Na/CNA_CMN_20001208_wpr/160354","条文/Na/CNA_CMN_20001208_wpr/160354",2
"条例/Na/CNA_CMN_20030711_wpr/985","条例/Na/CNA_CMN_20030711_wpr/985",2
"条款/Na/CNA_CMN_20001018_wpr/127912","条款/Na/CNA_CMN_20001018_wpr/127912",2
"条例/Na/CNA_CMN_20001124_wpr/120710","条例/Na/CNA_CMN_20001124_wpr/120710",2
"条例/Na/CNA_CMN_20001109_wpr/16072","条例/Na/CNA_CMN_20001109_wpr/16072",2
"条例/Na/CNA_CMN_20001103_wpr/35005","条例/Na/CNA_CMN_20001103_wpr/35005",2
"条例/Na/CNA_CMN_20001011_wpr/34646","条例/Na/CNA_CMN_20001011_wpr/34646",2
"条例/Na/ZBN_CMN_20001101_wpr/38048","条例/Na/ZBN_CMN_20001101_wpr/38048",3
"条例/Na/CNA_CMN_20001130_wpr/64132","条例/Na/CNA_CMN_20001130_wpr/64132",3
"条例/Na/CNA_CMN_20010102_wpr/75005","条例/Na/CNA_CMN_20010102_wpr/75005",3
"条例/Na/CNA_CMN_20001221_wpr/123764","条例/Na/CNA_CMN_20001221_wpr/123764",3
"条例/Na/CNA_CMN_20001003_wpr/137900","条例/Na/CNA_CMN_20001003_wpr/137900",3
"条例/Na/CNA_CMN_20001102_wpr/113081","条例/Na/CNA_CMN_20001102_wpr/113081",3
"条例/Na/CNA_CMN_20030517_wpr/306","条例/Na/CNA_CMN_20030517_wpr/306",3
"条例/Na/CNA_CMN_20010118_wpr/41144","条例/Na/CNA_CMN_20010118_wpr/41144",3
"条例/Na/CNA_CMN_20001109_wpr/43656","条例/Na/CNA_CMN_20001109_wpr/43656",3
"条例/Na/CNA_CMN_20001109_wpr/43643","条例/Na/CNA_CMN_20001109_wpr/43643",3
"条例/Na/CNA_CMN_20001005_wpr/127209","条例/Na/CNA_CMN_20001005_wpr/127209",3
"条例/Na/CNA_CMN_20001231_wpr/41053","条例/Na/CNA_CMN_20001231_wpr/41053",3
"法令/Na/CNA_CMN_20010129_wpr/92932","法令/Na/CNA_CMN_20010129_wpr/92932",3
"法令/Na/ZBN_CMN_20030905_wpr/17265","法令/Na/ZBN_CMN_20030905_wpr/17265",3
"条例/Na/ZBN_CMN_20030720_wpr/367","条例/Na/ZBN_CMN_20030720_wpr/367",3
"法令/Na/ZBN_CMN_20030717_wpr/21970","法令/Na/ZBN_CMN_20030717_wpr/21970",3
"条规/Na/ZBN_CMN_20030921_wpr/40809","条规/Na/ZBN_CMN_20030921_wpr/40809",3
"条例/Na/ZBN_CMN_20030910_wpr/17127","条例/Na/ZBN_CMN_20030910_wpr/17127",3
"条例/Na/ZBN_CMN_20030911_wpr/41172","条例/Na/ZBN_CMN_20030911_wpr/41172",3
"条文/Na/ZBN_CMN_20030930_wpr/33081","条文/Na/ZBN_CMN_20030930_wpr/33081",3
"条文/Na/ZBN_CMN_20010103_wpr/20189","条文/Na/ZBN_CMN_20010103_wpr/20189",3
"法令/Na/ZBN_CMN_20030814_wpr/57808","法令/Na/ZBN_CMN_20030814_wpr/57808",3
"法令/Na/ZBN_CMN_20001118_wpr/20186","法令/Na/ZBN_CMN_20001118_wpr/20186",3
"法令/Na/ZBN_CMN_20030925_wpr/76881","法令/Na/ZBN_CMN_20030925_wpr/76881",3
"法令/Na/ZBN_CMN_20030912_wpr/84201","法令/Na/ZBN_CMN_20030912_wpr/84201",3
"条文/Na/ZBN_CMN_20030427_wpr/81985","条文/Na/ZBN_CMN_20030427_wpr/81985",3
"条文/Na/ZBN_CMN_20030505_wpr/9402","条文/Na/ZBN_CMN_20030505_wpr/9402",3
"条文/Na/ZBN_CMN_20030602_wpr/8787","条文/Na/ZBN_CMN_20030602_wpr/8787",3
"条例/Na/ZBN_CMN_20030917_wpr/16479","条例/Na/ZBN_CMN_20030917_wpr/16479",3
"法令/Na/ZBN_CMN_20030927_wpr/66020","法令/Na/ZBN_CMN_20030927_wpr/66020",3
"条文/Na/ZBN_CMN_20030414_wpr/4883","条文/Na/ZBN_CMN_20030414_wpr/4883",3
"条文/Na/ZBN_CMN_20030915_wpr/6485","条文/Na/ZBN_CMN_20030915_wpr/6485",3
"条文/Na/ZBN_CMN_20030803_wpr/7462","条文/Na/ZBN_CMN_20030803_wpr/7462",3
"条文/Na/ZBN_CMN_20030721_wpr/46611","条文/Na/ZBN_CMN_20030721_wpr/46611",3
"条例/Na/CNA_CMN_20001204_wpr/127446","条例/Na/CNA_CMN_20001204_wpr/127446",4
"条文/Na/CNA_CMN_20001128_wpr/140739","条文/Na/CNA_CMN_20001128_wpr/140739",4
"条文/Na/XIN_CMN_20030813_wpr/80281","条文/Na/XIN_CMN_20030813_wpr/80281",4
"条文/Na/ZBN_CMN_20001119_wpr/13144","条文/Na/ZBN_CMN_20001119_wpr/13144",4
"条文/Na/XIN_CMN_20001102_wpr/60641","条文/Na/XIN_CMN_20001102_wpr/60641",4
"法令/Na/ZBN_CMN_20030926_wpr/37392","法令/Na/ZBN_CMN_20030926_wpr/37392",4
"条例/Na/CNA_CMN_20010126_wpr/24841","条例/Na/CNA_CMN_20010126_wpr/24841",4
"条例/Na/ZBN_CMN_20030826_wpr/25062","条例/Na/ZBN_CMN_20030826_wpr/25062",4
"法规/Na/CNA_CMN_20001217_wpr/76247","法规/Na/CNA_CMN_20001217_wpr/76247",4
"法规/Na/XIN_CMN_20001129_wpr/31410","法规/Na/XIN_CMN_20001129_wpr/31410",4
"条款/Na/XIN_CMN_20030412_wpr/608","条款/Na/XIN_CMN_20030412_wpr/608",4
"法规/Na/CNA_CMN_20010102_wpr/79354","法规/Na/CNA_CMN_20010102_wpr/79354",4
"法令/Na/ZBN_CMN_20030916_wpr/73776","法令/Na/ZBN_CMN_20030916_wpr/73776",4
"条例/Na/ZBN_CMN_20030831_wpr/44128","条例/Na/ZBN_CMN_20030831_wpr/44128",4
"条例/Na/ZBN_CMN_20030923_wpr/28783","条例/Na/ZBN_CMN_20030923_wpr/28783",4
"条例/Na/ZBN_CMN_20030830_wpr/21791","条例/Na/ZBN_CMN_20030830_wpr/21791",4
"条例/Na/ZBN_CMN_20030902_wpr/22958","条例/Na/ZBN_CMN_20030902_wpr/22958",4
"条例/Na/ZBN_CMN_20030629_wpr/29724","条例/Na/ZBN_CMN_20030629_wpr/29724",4
"条例/Na/ZBN_CMN_20001228_wpr/30629","条例/Na/ZBN_CMN_20001228_wpr/30629",4
"法令/Na/CNA_CMN_20001107_wpr/79626","法令/Na/CNA_CMN_20001107_wpr/79626",4
"条例/Na/ZBN_CMN_20030909_wpr/67146","条例/Na/ZBN_CMN_20030909_wpr/67146",4
"条例/Na/ZBN_CMN_20030820_wpr/49136","条例/Na/ZBN_CMN_20030820_wpr/49136",4
"法令/Na/ZBN_CMN_20030618_wpr/66176","法令/Na/ZBN_CMN_20030618_wpr/66176",4
"法令/Na/ZBN_CMN_20030819_wpr/28886","法令/Na/ZBN_CMN_20030819_wpr/28886",4
"法令/Na/ZBN_CMN_20030722_wpr/60238","法令/Na/ZBN_CMN_20030722_wpr/60238",4
"条文/Na/ZBN_CMN_20030826_wpr/67050","条文/Na/ZBN_CMN_20030826_wpr/67050",4
"法令/Na/ZBN_CMN_20030813_wpr/53380","法令/Na/ZBN_CMN_20030813_wpr/53380",4
"法令/Na/XIN_CMN_20030518_wpr/449","法令/Na/XIN_CMN_20030518_wpr/449",4
"法令/Na/CNA_CMN_20010125_wpr/29087","法令/Na/CNA_CMN_20010125_wpr/29087",4
"条文/Na/ZBN_CMN_20030716_wpr/75444","条文/Na/ZBN_CMN_20030716_wpr/75444",4
"法令/Na/ZBN_CMN_20030709_wpr/44057","法令/Na/ZBN_CMN_20030709_wpr/44057",4
"法令/Na/ZBN_CMN_20001216_wpr/19638","法令/Na/ZBN_CMN_20001216_wpr/19638",4
"条例/Na/ZBN_CMN_20030804_wpr/261","条例/Na/ZBN_CMN_20030804_wpr/261",4
"法令/Na/ZBN_CMN_20030814_wpr/49204","法令/Na/ZBN_CMN_20030814_wpr/49204",4
"条款/Na/ZBN_CMN_20001216_wpr/824","条款/Na/ZBN_CMN_20001216_wpr/824",4
"条例/Na/CNA_CMN_20001212_wpr/53719","条例/Na/CNA_CMN_20001212_wpr/53719",4
"条例/Na/XIN_CMN_20001113_wpr/42002","条例/Na/XIN_CMN_20001113_wpr/42002",4
"条例/Na/CNA_CMN_20001215_wpr/86713","条例/Na/CNA_CMN_20001215_wpr/86713",4
"法令/Na/ZBN_CMN_20030412_wpr/19476","法令/Na/ZBN_CMN_20030412_wpr/19476",4
"条例/Na/ZBN_CMN_20030920_wpr/7439","条例/Na/ZBN_CMN_20030920_wpr/7439",4
"法令/Na/ZBN_CMN_20001201_wpr/15711","法令/Na/ZBN_CMN_20001201_wpr/15711",4
"法规/Na/XIN_CMN_20030507_wpr/64347","法规/Na/XIN_CMN_20030507_wpr/64347",4
"条款/Na/XIN_CMN_20001102_wpr/3471","条款/Na/XIN_CMN_20001102_wpr/3471",4
"法规/Na/CNA_CMN_20010130_wpr/63574","法规/Na/CNA_CMN_20010130_wpr/63574",4
"条例/Na/ZBN_CMN_20030831_wpr/44153","条例/Na/ZBN_CMN_20030831_wpr/44153",4
"法令/Na/CNA_CMN_20001113_wpr/149339","法令/Na/CNA_CMN_20001113_wpr/149339",4
"条款/Na/XIN_CMN_20030409_wpr/29802","条款/Na/XIN_CMN_20030409_wpr/29802",4
"法令/Na/ZBN_CMN_20030504_wpr/58289","法令/Na/ZBN_CMN_20030504_wpr/58289",4
"条文/Na/CNA_CMN_20030624_wpr/2480","条文/Na/CNA_CMN_20030624_wpr/2480",4
"法令/Na/ZBN_CMN_20030815_wpr/5507","法令/Na/ZBN_CMN_20030815_wpr/5507",4
"法令/Na/CNA_CMN_20001214_wpr/126467","法令/Na/CNA_CMN_20001214_wpr/126467",4
"法令/Na/CNA_CMN_20001221_wpr/36992","法令/Na/CNA_CMN_20001221_wpr/36992",4
"条款/Na/ZBN_CMN_20001111_wpr/7318","条款/Na/ZBN_CMN_20001111_wpr/7318",4
"法令/Na/ZBN_CMN_20030405_wpr/12079","法令/Na/ZBN_CMN_20030405_wpr/12079",4
"法令/Na/ZBN_CMN_20010106_wpr/12512","法令/Na/ZBN_CMN_20010106_wpr/12512",4
"法令/Na/ZBN_CMN_20030423_wpr/19211","法令/Na/ZBN_CMN_20030423_wpr/19211",4
"法令/Na/ZBN_CMN_20030421_wpr/54344","法令/Na/ZBN_CMN_20030421_wpr/54344",4
"条例/Na/CNA_CMN_20001222_wpr/100664","条例/Na/CNA_CMN_20001222_wpr/100664",4
"法规/Na/CNA_CMN_20010112_wpr/60887","法规/Na/CNA_CMN_20010112_wpr/60887",4
"条文/Na/ZBN_CMN_20030915_wpr/53783","条文/Na/ZBN_CMN_20030915_wpr/53783",4
"条文/Na/ZBN_CMN_20030625_wpr/7785","条文/Na/ZBN_CMN_20030625_wpr/7785",4
"条文/Na/ZBN_CMN_20030823_wpr/72650","条文/Na/ZBN_CMN_20030823_wpr/72650",4
"法令/Na/ZBN_CMN_20030712_wpr/17694","法令/Na/ZBN_CMN_20030712_wpr/17694",4
"法令/Na/ZBN_CMN_20030628_wpr/17294","法令/Na/ZBN_CMN_20030628_wpr/17294",4
"条文/Na/ZBN_CMN_20030520_wpr/71846","条文/Na/ZBN_CMN_20030520_wpr/71846",4
"条文/Na/ZBN_CMN_20001203_wpr/14506","条文/Na/ZBN_CMN_20001203_wpr/14506",4
"条规/Na/ZBN_CMN_20030729_wpr/59244","条规/Na/ZBN_CMN_20030729_wpr/59244",4
"法令/Na/ZBN_CMN_20030603_wpr/2750","法令/Na/ZBN_CMN_20030603_wpr/2750",4
"法令/Na/ZBN_CMN_20030705_wpr/12674","法令/Na/ZBN_CMN_20030705_wpr/12674",4
"条例/Na/CNA_CMN_20001013_wpr/157869","条例/Na/CNA_CMN_20001013_wpr/157869",4
"条例/Na/ZBN_CMN_20030910_wpr/78220","条例/Na/ZBN_CMN_20030910_wpr/78220",4
"法规/Na/XIN_CMN_20001031_wpr/36588","法规/Na/XIN_CMN_20001031_wpr/36588",4
"条例/Na/CNA_CMN_20001023_wpr/40909","条例/Na/CNA_CMN_20001023_wpr/40909",4
"法令/Na/ZBN_CMN_20030918_wpr/26909","法令/Na/ZBN_CMN_20030918_wpr/26909",4
"条例/Na/ZBN_CMN_20030625_wpr/30302","条例/Na/ZBN_CMN_20030625_wpr/30302",4
"条款/Na/XIN_CMN_20030630_wpr/25808","条款/Na/XIN_CMN_20030630_wpr/25808",4
"法令/Na/CNA_CMN_20030912_wpr/12383","法令/Na/CNA_CMN_20030912_wpr/12383",4
"法令/Na/CNA_CMN_20001023_wpr/23520","法令/Na/CNA_CMN_20001023_wpr/23520",4
"条款/Na/CNA_CMN_20010111_wpr/86767","条款/Na/CNA_CMN_20010111_wpr/86767",4
"法规/Na/CNA_CMN_20030830_wpr/7","法规/Na/CNA_CMN_20030830_wpr/7",4
"条例/Na/ZBN_CMN_20030923_wpr/38564","条例/Na/ZBN_CMN_20030923_wpr/38564",4
"法令/Na/ZBN_CMN_20030919_wpr/47666","法令/Na/ZBN_CMN_20030919_wpr/47666",4
"法规/Na/XIN_CMN_20030422_wpr/10004","法规/Na/XIN_CMN_20030422_wpr/10004",4
"条款/Na/ZBN_CMN_20030625_wpr/27826","条款/Na/ZBN_CMN_20030625_wpr/27826",4
"法规/Na/XIN_CMN_20030425_wpr/41691","法规/Na/XIN_CMN_20030425_wpr/41691",4
"法规/Na/CNA_CMN_20001210_wpr/7504","法规/Na/CNA_CMN_20001210_wpr/7504",4
"条款/Na/XIN_CMN_20030513_wpr/46204","条款/Na/XIN_CMN_20030513_wpr/46204",4
"法令/Na/XIN_CMN_20030620_wpr/371","法令/Na/XIN_CMN_20030620_wpr/371",4
"条例/Na/ZBN_CMN_20030902_wpr/70555","条例/Na/ZBN_CMN_20030902_wpr/70555",4
"条例/Na/CNA_CMN_20030627_wpr/2478","条例/Na/CNA_CMN_20030627_wpr/2478",4
"法令/Na/CNA_CMN_20001009_wpr/106220","法令/Na/CNA_CMN_20001009_wpr/106220",4
"法令/Na/CNA_CMN_20001116_wpr/143492","法令/Na/CNA_CMN_20001116_wpr/143492",4
"条例/Na/ZBN_CMN_20001102_wpr/19720","条例/Na/ZBN_CMN_20001102_wpr/19720",4
"法规/Na/CNA_CMN_20001216_wpr/70758","法规/Na/CNA_CMN_20001216_wpr/70758",4
"条例/Na/ZBN_CMN_20030718_wpr/13373","条例/Na/ZBN_CMN_20030718_wpr/13373",4
"法令/Na/CNA_CMN_20001225_wpr/38369","法令/Na/CNA_CMN_20001225_wpr/38369",4
"条例/Na/CNA_CMN_20030521_wpr/1940","条例/Na/CNA_CMN_20030521_wpr/1940",4
"条例/Na/ZBN_CMN_20001002_wpr/37052","条例/Na/ZBN_CMN_20001002_wpr/37052",4
"条款/Na/XIN_CMN_20030527_wpr/72435","条款/Na/XIN_CMN_20030527_wpr/72435",4
"法令/Na/ZBN_CMN_20030625_wpr/27638","法令/Na/ZBN_CMN_20030625_wpr/27638",4
"法令/Na/CNA_CMN_20010113_wpr/49278","法令/Na/CNA_CMN_20010113_wpr/49278",4
"条例/Na/ZBN_CMN_20030915_wpr/86738","条例/Na/ZBN_CMN_20030915_wpr/86738",4
"条例/Na/ZBN_CMN_20030511_wpr/27471","条例/Na/ZBN_CMN_20030511_wpr/27471",4
"条例/Na/ZBN_CMN_20010102_wpr/33991","条例/Na/ZBN_CMN_20010102_wpr/33991",4
"条文/Na/ZBN_CMN_20001213_wpr/5812","条文/Na/ZBN_CMN_20001213_wpr/5812",4
"条款/Na/ZBN_CMN_20030523_wpr/52860","条款/Na/ZBN_CMN_20030523_wpr/52860",4
"法令/Na/CNA_CMN_20001115_wpr/10477","法令/Na/CNA_CMN_20001115_wpr/10477",4
"法令/Na/ZBN_CMN_20001202_wpr/14533","法令/Na/ZBN_CMN_20001202_wpr/14533",4
"条例/Na/ZBN_CMN_20030910_wpr/15564","条例/Na/ZBN_CMN_20030910_wpr/15564",4
"法令/Na/ZBN_CMN_20030414_wpr/17230","法令/Na/ZBN_CMN_20030414_wpr/17230",4
"条规/Na/ZBN_CMN_20030929_wpr/30519","条规/Na/ZBN_CMN_20030929_wpr/30519",4
"条规/Na/ZBN_CMN_20001113_wpr/23463","条规/Na/ZBN_CMN_20001113_wpr/23463",4
"条规/Na/ZBN_CMN_20030505_wpr/2817","条规/Na/ZBN_CMN_20030505_wpr/2817",4
"法令/Na/ZBN_CMN_20030815_wpr/5413","法令/Na/ZBN_CMN_20030815_wpr/5413",4
"条例/Na/ZBN_CMN_20030617_wpr/69291","条例/Na/ZBN_CMN_20030617_wpr/69291",4
"法令/Na/ZBN_CMN_20030519_wpr/8267","法令/Na/ZBN_CMN_20030519_wpr/8267",4
"法令/Na/CNA_CMN_20001002_wpr/121179","法令/Na/CNA_CMN_20001002_wpr/121179",4
"条文/Na/CNA_CMN_20010110_wpr/157387","条文/Na/CNA_CMN_20010110_wpr/157387",4
"条文/Na/CNA_CMN_20001031_wpr/102068","条文/Na/CNA_CMN_20001031_wpr/102068",4
"条文/Na/CNA_CMN_20010114_wpr/69729","条文/Na/CNA_CMN_20010114_wpr/69729",4
"条文/Na/CNA_CMN_20001025_wpr/60475","条文/Na/CNA_CMN_20001025_wpr/60475",4
"条文/Na/CNA_CMN_20001027_wpr/148075","条文/Na/CNA_CMN_20001027_wpr/148075",4
"条文/Na/CNA_CMN_20001029_wpr/59398","条文/Na/CNA_CMN_20001029_wpr/59398",4
"法令/Na/CNA_CMN_20001206_wpr/16425","法令/Na/CNA_CMN_20001206_wpr/16425",4
"条款/Na/XIN_CMN_20030914_wpr/15870","条款/Na/XIN_CMN_20030914_wpr/15870",4
"条款/Na/CNA_CMN_20030504_wpr/2082","条款/Na/CNA_CMN_20030504_wpr/2082",4
"条款/Na/CNA_CMN_20001027_wpr/94003","条款/Na/CNA_CMN_20001027_wpr/94003",4
"条款/Na/CNA_CMN_20001114_wpr/45271","条款/Na/CNA_CMN_20001114_wpr/45271",4
"条例/Na/CNA_CMN_20010106_wpr/55592","条例/Na/CNA_CMN_20010106_wpr/55592",4
"条例/Na/CNA_CMN_20001009_wpr/106246","条例/Na/CNA_CMN_20001009_wpr/106246",4
"法令/Na/ZBN_CMN_20030411_wpr/33004","法令/Na/ZBN_CMN_20030411_wpr/33004",4
"条例/Na/XIN_CMN_20030707_wpr/1596","条例/Na/XIN_CMN_20030707_wpr/1596",4
"条例/Na/XIN_CMN_20030718_wpr/47279","条例/Na/XIN_CMN_20030718_wpr/47279",4
"条例/Na/CNA_CMN_20001013_wpr/50376","条例/Na/CNA_CMN_20001013_wpr/50376",4
"条例/Na/ZBN_CMN_20030825_wpr/23805","条例/Na/ZBN_CMN_20030825_wpr/23805",4
"法令/Na/XIN_CMN_20010109_wpr/16092","法令/Na/XIN_CMN_20010109_wpr/16092",4
"法令/Na/XIN_CMN_20030806_wpr/33789","法令/Na/XIN_CMN_20030806_wpr/33789",4
"条例/Na/XIN_CMN_20030715_wpr/17385","条例/Na/XIN_CMN_20030715_wpr/17385",4
"法令/Na/ZBN_CMN_20001202_wpr/44096","法令/Na/ZBN_CMN_20001202_wpr/44096",4
"法规/Na/CNA_CMN_20010106_wpr/61800","法规/Na/CNA_CMN_20010106_wpr/61800",4
"法规/Na/CNA_CMN_20001011_wpr/119559","法规/Na/CNA_CMN_20001011_wpr/119559",4
"法令/Na/ZBN_CMN_20030504_wpr/85124","法令/Na/ZBN_CMN_20030504_wpr/85124",4
"法令/Na/CNA_CMN_20001214_wpr/95029","法令/Na/CNA_CMN_20001214_wpr/95029",4
"法令/Na/CNA_CMN_20001218_wpr/140602","法令/Na/CNA_CMN_20001218_wpr/140602",4
"条例/Na/XIN_CMN_20030529_wpr/36449","条例/Na/XIN_CMN_20030529_wpr/36449",4
"条例/Na/XIN_CMN_20030529_wpr/66504","条例/Na/XIN_CMN_20030529_wpr/66504",4
"条例/Na/CNA_CMN_20001204_wpr/108842","条例/Na/CNA_CMN_20001204_wpr/108842",4
"条文/Na/XIN_CMN_20030510_wpr/7470","条文/Na/XIN_CMN_20030510_wpr/7470",4
"条文/Na/CNA_CMN_20001028_wpr/73197","条文/Na/CNA_CMN_20001028_wpr/73197",4
"法规/Na/ZBN_CMN_20030405_wpr/54735","法规/Na/ZBN_CMN_20030405_wpr/54735",4
"法规/Na/ZBN_CMN_20030621_wpr/51637","法规/Na/ZBN_CMN_20030621_wpr/51637",4
"条文/Na/CNA_CMN_20001031_wpr/119414","条文/Na/CNA_CMN_20001031_wpr/119414",4
"法规/Na/XIN_CMN_20001228_wpr/29523","法规/Na/XIN_CMN_20001228_wpr/29523",4
"条文/Na/CNA_CMN_20001222_wpr/91712","条文/Na/CNA_CMN_20001222_wpr/91712",4
"条款/Na/ZBN_CMN_20030607_wpr/29023","条款/Na/ZBN_CMN_20030607_wpr/29023",4
"法规/Na/XIN_CMN_20030623_wpr/11675","法规/Na/XIN_CMN_20030623_wpr/11675",4
"法规/Na/XIN_CMN_20030919_wpr/11033","法规/Na/XIN_CMN_20030919_wpr/11033",4
"条款/Na/CNA_CMN_20001230_wpr/7111","条款/Na/CNA_CMN_20001230_wpr/7111",4
"条款/Na/XIN_CMN_20001222_wpr/62162","条款/Na/XIN_CMN_20001222_wpr/62162",4
"条款/Na/XIN_CMN_20001012_wpr/42002","条款/Na/XIN_CMN_20001012_wpr/42002",4
"条款/Na/XIN_CMN_20001013_wpr/70063","条款/Na/XIN_CMN_20001013_wpr/70063",4
"法令/Na/ZBN_CMN_20001027_wpr/4015","法令/Na/ZBN_CMN_20001027_wpr/4015",4
"条款/Na/XIN_CMN_20030530_wpr/1718","条款/Na/XIN_CMN_20030530_wpr/1718",4
"条款/Na/XIN_CMN_20030912_wpr/5537","条款/Na/XIN_CMN_20030912_wpr/5537",4
"条款/Na/XIN_CMN_20001221_wpr/66728","条款/Na/XIN_CMN_20001221_wpr/66728",4
"条文/Na/CNA_CMN_20001214_wpr/153337","条文/Na/CNA_CMN_20001214_wpr/153337",4
"条文/Na/CNA_CMN_20001212_wpr/103005","条文/Na/CNA_CMN_20001212_wpr/103005",4
"法规/Na/XIN_CMN_20030922_wpr/14308","法规/Na/XIN_CMN_20030922_wpr/14308",4
"条文/Na/CNA_CMN_20001214_wpr/110467","条文/Na/CNA_CMN_20001214_wpr/110467",4
"条款/Na/XIN_CMN_20001012_wpr/13354","条款/Na/XIN_CMN_20001012_wpr/13354",4
"条文/Na/CNA_CMN_20010109_wpr/131367","条文/Na/CNA_CMN_20010109_wpr/131367",4
"条款/Na/CNA_CMN_20001005_wpr/29408","条款/Na/CNA_CMN_20001005_wpr/29408",4
"条款/Na/XIN_CMN_20030916_wpr/48852","条款/Na/XIN_CMN_20030916_wpr/48852",4
"条款/Na/XIN_CMN_20001117_wpr/35261","条款/Na/XIN_CMN_20001117_wpr/35261",4
"条款/Na/CNA_CMN_20001212_wpr/103978","条款/Na/CNA_CMN_20001212_wpr/103978",4
"条款/Na/CNA_CMN_20001212_wpr/104051","条款/Na/CNA_CMN_20001212_wpr/104051",4
"条款/Na/CNA_CMN_20001222_wpr/138496","条款/Na/CNA_CMN_20001222_wpr/138496",4
"条款/Na/XIN_CMN_20030722_wpr/46599","条款/Na/XIN_CMN_20030722_wpr/46599",4
"法规/Na/CNA_CMN_20010101_wpr/94559","法规/Na/CNA_CMN_20010101_wpr/94559",4
"条文/Na/CNA_CMN_20010117_wpr/124356","条文/Na/CNA_CMN_20010117_wpr/124356",4
"法令/Na/ZBN_CMN_20001207_wpr/3594","法令/Na/ZBN_CMN_20001207_wpr/3594",4
"条文/Na/CNA_CMN_20001208_wpr/92764","条文/Na/CNA_CMN_20001208_wpr/92764",4
"条例/Na/XIN_CMN_20030706_wpr/10705","条例/Na/XIN_CMN_20030706_wpr/10705",4
"条规/Na/XIN_CMN_20030430_wpr/81169","条规/Na/XIN_CMN_20030430_wpr/81169",4
"条规/Na/XIN_CMN_20030611_wpr/47368","条规/Na/XIN_CMN_20030611_wpr/47368",4
"条规/Na/XIN_CMN_20030423_wpr/72542","条规/Na/XIN_CMN_20030423_wpr/72542",4
"条规/Na/XIN_CMN_20030619_wpr/50458","条规/Na/XIN_CMN_20030619_wpr/50458",4
"条规/Na/XIN_CMN_20030629_wpr/37769","条规/Na/XIN_CMN_20030629_wpr/37769",4
"条规/Na/XIN_CMN_20030607_wpr/39674","条规/Na/XIN_CMN_20030607_wpr/39674",4
"条规/Na/XIN_CMN_20030727_wpr/41755","条规/Na/XIN_CMN_20030727_wpr/41755",4
"法规/Na/XIN_CMN_20030702_wpr/31255","法规/Na/XIN_CMN_20030702_wpr/31255",4
"法规/Na/CNA_CMN_20010117_wpr/77578","法规/Na/CNA_CMN_20010117_wpr/77578",4
"条规/Na/CNA_CMN_20010103_wpr/114051","条规/Na/CNA_CMN_20010103_wpr/114051",4
"法规/Na/ZBN_CMN_20001030_wpr/482","法规/Na/ZBN_CMN_20001030_wpr/482",4
"条规/Na/ZBN_CMN_20001207_wpr/11993","条规/Na/ZBN_CMN_20001207_wpr/11993",4
"条规/Na/ZBN_CMN_20001214_wpr/16079","条规/Na/ZBN_CMN_20001214_wpr/16079",4
"条例/Na/CNA_CMN_20001121_wpr/105868","条例/Na/CNA_CMN_20001121_wpr/105868",4
"条例/Na/CNA_CMN_20001121_wpr/30088","条例/Na/CNA_CMN_20001121_wpr/30088",4
"条例/Na/CNA_CMN_20010117_wpr/138807","条例/Na/CNA_CMN_20010117_wpr/138807",4
"条例/Na/CNA_CMN_20010104_wpr/139295","条例/Na/CNA_CMN_20010104_wpr/139295",4
"条例/Na/CNA_CMN_20001214_wpr/127240","条例/Na/CNA_CMN_20001214_wpr/127240",4
"条例/Na/CNA_CMN_20001208_wpr/93641","条例/Na/CNA_CMN_20001208_wpr/93641",4
"条例/Na/CNA_CMN_20001207_wpr/130798","条例/Na/CNA_CMN_20001207_wpr/130798",4
"条例/Na/CNA_CMN_20001023_wpr/62375","条例/Na/CNA_CMN_20001023_wpr/62375",4
"条例/Na/CNA_CMN_20001228_wpr/28691","条例/Na/CNA_CMN_20001228_wpr/28691",4
"条例/Na/CNA_CMN_20001023_wpr/128704","条例/Na/CNA_CMN_20001023_wpr/128704",4
"条例/Na/CNA_CMN_20001024_wpr/40470","条例/Na/CNA_CMN_20001024_wpr/40470",4
"条例/Na/CNA_CMN_20010109_wpr/61778","条例/Na/CNA_CMN_20010109_wpr/61778",4
"条例/Na/CNA_CMN_20001002_wpr/123057","条例/Na/CNA_CMN_20001002_wpr/123057",4
"条例/Na/CNA_CMN_20001010_wpr/113630","条例/Na/CNA_CMN_20001010_wpr/113630",4
"条例/Na/CNA_CMN_20001011_wpr/56239","条例/Na/CNA_CMN_20001011_wpr/56239",4
"条例/Na/ZBN_CMN_20001014_wpr/1363","条例/Na/ZBN_CMN_20001014_wpr/1363",4
"条例/Na/ZBN_CMN_20001225_wpr/21253","条例/Na/ZBN_CMN_20001225_wpr/21253",4
"条款/Na/ZBN_CMN_20001108_wpr/3449","条款/Na/ZBN_CMN_20001108_wpr/3449",4
"条款/Na/CNA_CMN_20001106_wpr/132897","条款/Na/CNA_CMN_20001106_wpr/132897",4
"条文/Na/CNA_CMN_20001107_wpr/147503","条文/Na/CNA_CMN_20001107_wpr/147503",4
"条例/Na/CNA_CMN_20001210_wpr/31202","条例/Na/CNA_CMN_20001210_wpr/31202",4
"条例/Na/CNA_CMN_20010119_wpr/2267","条例/Na/CNA_CMN_20010119_wpr/2267",4
"条例/Na/CNA_CMN_20001017_wpr/109237","条例/Na/CNA_CMN_20001017_wpr/109237",4
"条款/Na/CNA_CMN_20001229_wpr/23107","条款/Na/CNA_CMN_20001229_wpr/23107",4
"条款/Na/CNA_CMN_20010113_wpr/67570","条款/Na/CNA_CMN_20010113_wpr/67570",4
"条文/Na/CNA_CMN_20010116_wpr/104448","条文/Na/CNA_CMN_20010116_wpr/104448",4
"条例/Na/CNA_CMN_20001011_wpr/141458","条例/Na/CNA_CMN_20001011_wpr/141458",4
"条例/Na/CNA_CMN_20030428_wpr/2294","条例/Na/CNA_CMN_20030428_wpr/2294",4
"法令/Na/XIN_CMN_20001205_wpr/44133","法令/Na/XIN_CMN_20001205_wpr/44133",5
"条款/Na/XIN_CMN_20010110_wpr/27434","条款/Na/XIN_CMN_20010110_wpr/27434",5
"条例/Na/ZBN_CMN_20010130_wpr/23745","条例/Na/ZBN_CMN_20010130_wpr/23745",5
"条例/Na/ZBN_CMN_20030709_wpr/44729","条例/Na/ZBN_CMN_20030709_wpr/44729",5
"法规/Na/CNA_CMN_20010109_wpr/21544","法规/Na/CNA_CMN_20010109_wpr/21544",5
"法令/Na/CNA_CMN_20001102_wpr/144350","法令/Na/CNA_CMN_20001102_wpr/144350",5
"法令/Na/CNA_CMN_20001103_wpr/12589","法令/Na/CNA_CMN_20001103_wpr/12589",5
"法令/Na/CNA_CMN_20001130_wpr/66058","法令/Na/CNA_CMN_20001130_wpr/66058",5
"条例/Na/CNA_CMN_20001109_wpr/65866","条例/Na/CNA_CMN_20001109_wpr/65866",5
"法令/Na/ZBN_CMN_20030618_wpr/48913","法令/Na/ZBN_CMN_20030618_wpr/48913",5
"条文/Na/ZBN_CMN_20001009_wpr/10400","条文/Na/ZBN_CMN_20001009_wpr/10400",5
"法令/Na/CNA_CMN_20001024_wpr/78837","法令/Na/CNA_CMN_20001024_wpr/78837",5
"条例/Na/CNA_CMN_20001010_wpr/113782","条例/Na/CNA_CMN_20001010_wpr/113782",5
"条文/Na/CNA_CMN_20001023_wpr/125204","条文/Na/CNA_CMN_20001023_wpr/125204",5
"条例/Na/CNA_CMN_20001102_wpr/101814","条例/Na/CNA_CMN_20001102_wpr/101814",5
"条例/Na/CNA_CMN_20010108_wpr/75785","条例/Na/CNA_CMN_20010108_wpr/75785",5
"法规/Na/ZBN_CMN_20010106_wpr/25460","法规/Na/ZBN_CMN_20010106_wpr/25460",5
"条例/Na/XIN_CMN_20030929_wpr/23728","条例/Na/XIN_CMN_20030929_wpr/23728",5
"法规/Na/CNA_CMN_20001011_wpr/59521","法规/Na/CNA_CMN_20001011_wpr/59521",5
"条例/Na/CNA_CMN_20001211_wpr/132679","条例/Na/CNA_CMN_20001211_wpr/132679",5
"法令/Na/XIN_CMN_20001025_wpr/49114","法令/Na/XIN_CMN_20001025_wpr/49114",5
"法令/Na/CNA_CMN_20001207_wpr/99175","法令/Na/CNA_CMN_20001207_wpr/99175",5
"法令/Na/CNA_CMN_20001009_wpr/135416","法令/Na/CNA_CMN_20001009_wpr/135416",5
"条文/Na/CNA_CMN_20001123_wpr/141084","条文/Na/CNA_CMN_20001123_wpr/141084",5
"条例/Na/CNA_CMN_20001002_wpr/35924","条例/Na/CNA_CMN_20001002_wpr/35924",5
"法令/Na/CNA_CMN_20001020_wpr/117810","法令/Na/CNA_CMN_20001020_wpr/117810",5
"条例/Na/XIN_CMN_20030731_wpr/7946","条例/Na/XIN_CMN_20030731_wpr/7946",5
"条例/Na/ZBN_CMN_20001213_wpr/34583","条例/Na/ZBN_CMN_20001213_wpr/34583",5
"条例/Na/CNA_CMN_20010104_wpr/69340","条例/Na/CNA_CMN_20010104_wpr/69340",5
"条例/Na/XIN_CMN_20030512_wpr/22292","条例/Na/XIN_CMN_20030512_wpr/22292",5
"条例/Na/XIN_CMN_20030504_wpr/8218","条例/Na/XIN_CMN_20030504_wpr/8218",5
"法令/Na/CNA_CMN_20001104_wpr/50969","法令/Na/CNA_CMN_20001104_wpr/50969",5
"法规/Na/CNA_CMN_20001128_wpr/67967","法规/Na/CNA_CMN_20001128_wpr/67967",5
"法规/Na/XIN_CMN_20001210_wpr/51261","法规/Na/XIN_CMN_20001210_wpr/51261",5
"法规/Na/CNA_CMN_20001114_wpr/139300","法规/Na/CNA_CMN_20001114_wpr/139300",5
"法规/Na/XIN_CMN_20030404_wpr/21485","法规/Na/XIN_CMN_20030404_wpr/21485",5
"条文/Na/CNA_CMN_20001016_wpr/115872","条文/Na/CNA_CMN_20001016_wpr/115872",5
"条例/Na/XIN_CMN_20030512_wpr/63781","条例/Na/XIN_CMN_20030512_wpr/63781",5
"条例/Na/XIN_CMN_20030909_wpr/38960","条例/Na/XIN_CMN_20030909_wpr/38960",5
"法规/Na/CNA_CMN_20001003_wpr/37299","法规/Na/CNA_CMN_20001003_wpr/37299",5
"法规/Na/XIN_CMN_20030604_wpr/38752","法规/Na/XIN_CMN_20030604_wpr/38752",5
"法规/Na/XIN_CMN_20001215_wpr/36678","法规/Na/XIN_CMN_20001215_wpr/36678",5
"条规/Na/ZBN_CMN_20030821_wpr/27674","条规/Na/ZBN_CMN_20030821_wpr/27674",6
"条文/Na/CNA_CMN_20030702_wpr/486","条文/Na/CNA_CMN_20030702_wpr/486",6
"法规/Na/XIN_CMN_20001216_wpr/16413","法规/Na/XIN_CMN_20001216_wpr/16413",6
"法规/Na/XIN_CMN_20001102_wpr/12057","法规/Na/XIN_CMN_20001102_wpr/12057",6
"法规/Na/XIN_CMN_20030401_wpr/26708","法规/Na/XIN_CMN_20030401_wpr/26708",6
"法规/Na/XIN_CMN_20001030_wpr/41670","法规/Na/XIN_CMN_20001030_wpr/41670",6
"条文/Na/ZBN_CMN_20030512_wpr/9002","条文/Na/ZBN_CMN_20030512_wpr/9002",6
"法规/Na/XIN_CMN_20001027_wpr/71814","法规/Na/XIN_CMN_20001027_wpr/71814",6
"法规/Na/XIN_CMN_20010117_wpr/90218","法规/Na/XIN_CMN_20010117_wpr/90218",6
"条款/Na/XIN_CMN_20030827_wpr/17720","条款/Na/XIN_CMN_20030827_wpr/17720",6
"法规/Na/XIN_CMN_20001021_wpr/17692","法规/Na/XIN_CMN_20001021_wpr/17692",6
"法规/Na/XIN_CMN_20030526_wpr/8414","法规/Na/XIN_CMN_20030526_wpr/8414",6
"法规/Na/XIN_CMN_20030604_wpr/36326","法规/Na/XIN_CMN_20030604_wpr/36326",6
"法规/Na/XIN_CMN_20001224_wpr/10512","法规/Na/XIN_CMN_20001224_wpr/10512",6
"法规/Na/CNA_CMN_20001219_wpr/106218","法规/Na/CNA_CMN_20001219_wpr/106218",6
"法规/Na/XIN_CMN_20001217_wpr/21319","法规/Na/XIN_CMN_20001217_wpr/21319",6
"法规/Na/XIN_CMN_20010115_wpr/33323","法规/Na/XIN_CMN_20010115_wpr/33323",6
"法规/Na/XIN_CMN_20001221_wpr/49628","法规/Na/XIN_CMN_20001221_wpr/49628",6
"法规/Na/XIN_CMN_20030430_wpr/54721","法规/Na/XIN_CMN_20030430_wpr/54721",6
"法规/Na/ZBN_CMN_20030929_wpr/53380","法规/Na/ZBN_CMN_20030929_wpr/53380",6
"法规/Na/XIN_CMN_20030527_wpr/34440","法规/Na/XIN_CMN_20030527_wpr/34440",6
"法规/Na/XIN_CMN_20001102_wpr/62186","法规/Na/XIN_CMN_20001102_wpr/62186",6
"法规/Na/CNA_CMN_20001110_wpr/18705","法规/Na/CNA_CMN_20001110_wpr/18705",6
"法规/Na/XIN_CMN_20030407_wpr/26018","法规/Na/XIN_CMN_20030407_wpr/26018",6
"法规/Na/CNA_CMN_20001108_wpr/75991","法规/Na/CNA_CMN_20001108_wpr/75991",6
"法规/Na/XIN_CMN_20030404_wpr/42188","法规/Na/XIN_CMN_20030404_wpr/42188",6
"法规/Na/XIN_CMN_20001205_wpr/73714","法规/Na/XIN_CMN_20001205_wpr/73714",6
"法规/Na/XIN_CMN_20030412_wpr/60234","法规/Na/XIN_CMN_20030412_wpr/60234",6
"条例/Na/ZBN_CMN_20030916_wpr/41600","条例/Na/ZBN_CMN_20030916_wpr/41600",6
"条例/Na/ZBN_CMN_20030513_wpr/34801","条例/Na/ZBN_CMN_20030513_wpr/34801",6
"条例/Na/XIN_CMN_20030512_wpr/62301","条例/Na/XIN_CMN_20030512_wpr/62301",6
"条例/Na/XIN_CMN_20030628_wpr/21801","条例/Na/XIN_CMN_20030628_wpr/21801",6
"条例/Na/XIN_CMN_20030512_wpr/18242","条例/Na/XIN_CMN_20030512_wpr/18242",6
"法规/Na/XIN_CMN_20010110_wpr/38326","法规/Na/XIN_CMN_20010110_wpr/38326",6
"法规/Na/XIN_CMN_20001208_wpr/19465","法规/Na/XIN_CMN_20001208_wpr/19465",6
"法规/Na/XIN_CMN_20001228_wpr/11840","法规/Na/XIN_CMN_20001228_wpr/11840",6
"法规/Na/CNA_CMN_20001028_wpr/37853","法规/Na/CNA_CMN_20001028_wpr/37853",6
"法规/Na/CNA_CMN_20001021_wpr/86703","法规/Na/CNA_CMN_20001021_wpr/86703",6
"法规/Na/CNA_CMN_20001104_wpr/58792","法规/Na/CNA_CMN_20001104_wpr/58792",6
"法规/Na/XIN_CMN_20030621_wpr/7536","法规/Na/XIN_CMN_20030621_wpr/7536",6
"法令/Na/ZBN_CMN_20030916_wpr/74112","法令/Na/ZBN_CMN_20030916_wpr/74112",6
"条例/Na/CNA_CMN_20001212_wpr/42011","条例/Na/CNA_CMN_20001212_wpr/42011",6
"条例/Na/CNA_CMN_20010107_wpr/75758","条例/Na/CNA_CMN_20010107_wpr/75758",6
"法规/Na/ZBN_CMN_20030915_wpr/76617","法规/Na/ZBN_CMN_20030915_wpr/76617",6
"法规/Na/XIN_CMN_20030513_wpr/55000","法规/Na/XIN_CMN_20030513_wpr/55000",6
"法规/Na/XIN_CMN_20030711_wpr/9193","法规/Na/XIN_CMN_20030711_wpr/9193",6
"条例/Na/XIN_CMN_20030806_wpr/70194","条例/Na/XIN_CMN_20030806_wpr/70194",6
"法规/Na/ZBN_CMN_20030620_wpr/48357","法规/Na/ZBN_CMN_20030620_wpr/48357",6
"条例/Na/CNA_CMN_20010104_wpr/96157","条例/Na/CNA_CMN_20010104_wpr/96157",6
"条例/Na/CNA_CMN_20001125_wpr/56362","条例/Na/CNA_CMN_20001125_wpr/56362",6
"法规/Na/XIN_CMN_20001128_wpr/44966","法规/Na/XIN_CMN_20001128_wpr/44966",6
"法规/Na/XIN_CMN_20001101_wpr/64902","法规/Na/XIN_CMN_20001101_wpr/64902",6
"法规/Na/XIN_CMN_20010131_wpr/23526","法规/Na/XIN_CMN_20010131_wpr/23526",6
"法规/Na/XIN_CMN_20030401_wpr/38742","法规/Na/XIN_CMN_20030401_wpr/38742",6
"法规/Na/CNA_CMN_20001006_wpr/35307","法规/Na/CNA_CMN_20001006_wpr/35307",6
"法规/Na/XIN_CMN_20030601_wpr/6030","法规/Na/XIN_CMN_20030601_wpr/6030",6
"法规/Na/XIN_CMN_20030407_wpr/20868","法规/Na/XIN_CMN_20030407_wpr/20868",6
"法规/Na/XIN_CMN_20030820_wpr/80006","法规/Na/XIN_CMN_20030820_wpr/80006",6
"法规/Na/XIN_CMN_20010115_wpr/77705","法规/Na/XIN_CMN_20010115_wpr/77705",6
"条规/Na/XIN_CMN_20001019_wpr/21338","条规/Na/XIN_CMN_20001019_wpr/21338",6
"法规/Na/XIN_CMN_20030917_wpr/70014","法规/Na/XIN_CMN_20030917_wpr/70014",6
"法规/Na/XIN_CMN_20001215_wpr/37925","法规/Na/XIN_CMN_20001215_wpr/37925",6
"法规/Na/XIN_CMN_20010116_wpr/10790","法规/Na/XIN_CMN_20010116_wpr/10790",6
"法规/Na/XIN_CMN_20030724_wpr/50956","法规/Na/XIN_CMN_20030724_wpr/50956",6
"法规/Na/XIN_CMN_20001213_wpr/34996","法规/Na/XIN_CMN_20001213_wpr/34996",6
"法规/Na/CNA_CMN_20001003_wpr/11960","法规/Na/CNA_CMN_20001003_wpr/11960",6
"法规/Na/ZBN_CMN_20030515_wpr/50854","法规/Na/ZBN_CMN_20030515_wpr/50854",6
"条例/Na/CNA_CMN_20001213_wpr/29403","条例/Na/CNA_CMN_20001213_wpr/29403",6
"条例/Na/CNA_CMN_20001005_wpr/128580","条例/Na/CNA_CMN_20001005_wpr/128580",6
"条例/Na/CNA_CMN_20001120_wpr/35368","条例/Na/CNA_CMN_20001120_wpr/35368",6
"条例/Na/XIN_CMN_20030704_wpr/43887","条例/Na/XIN_CMN_20030704_wpr/43887",6
"法令/Na/XIN_CMN_20030506_wpr/72369","法令/Na/XIN_CMN_20030506_wpr/72369",6
"条例/Na/ZBN_CMN_20030507_wpr/22370","条例/Na/ZBN_CMN_20030507_wpr/22370",6
"法令/Na/CNA_CMN_20030524_wpr/10411","法令/Na/CNA_CMN_20030524_wpr/10411",6
"条例/Na/ZBN_CMN_20030419_wpr/56856","条例/Na/ZBN_CMN_20030419_wpr/56856",6
"条例/Na/XIN_CMN_20030623_wpr/21490","条例/Na/XIN_CMN_20030623_wpr/21490",6
"条款/Na/XIN_CMN_20030620_wpr/16358","条款/Na/XIN_CMN_20030620_wpr/16358",6
"法令/Na/XIN_CMN_20030718_wpr/78901","法令/Na/XIN_CMN_20030718_wpr/78901",6
"条款/Na/XIN_CMN_20030528_wpr/30790","条款/Na/XIN_CMN_20030528_wpr/30790",6
"法规/Na/CNA_CMN_20010105_wpr/116206","法规/Na/CNA_CMN_20010105_wpr/116206",6
"法规/Na/XIN_CMN_20030506_wpr/72726","法规/Na/XIN_CMN_20030506_wpr/72726",6
"法规/Na/XIN_CMN_20030602_wpr/57777","法规/Na/XIN_CMN_20030602_wpr/57777",6
"条例/Na/ZBN_CMN_20030728_wpr/25463","条例/Na/ZBN_CMN_20030728_wpr/25463",6
"条例/Na/XIN_CMN_20001113_wpr/42207","条例/Na/XIN_CMN_20001113_wpr/42207",6
"条款/Na/XIN_CMN_20030417_wpr/11676","条款/Na/XIN_CMN_20030417_wpr/11676",6
